section,accuracy,balanced_accuracy,precision,recall,specificity,auc,aupr,f1,mcc,tp,tn,fp,fn,total,balanced_downsample_accuracy_mean,balanced_downsample_accuracy_std,balanced_downsample_balanced_accuracy_mean,balanced_downsample_balanced_accuracy_std,balanced_downsample_precision_mean,balanced_downsample_precision_std,balanced_downsample_recall_mean,balanced_downsample_recall_std,balanced_downsample_specificity_mean,balanced_downsample_specificity_std,balanced_downsample_auc_mean,balanced_downsample_auc_std,balanced_downsample_aupr_mean,balanced_downsample_aupr_std,balanced_downsample_f1_mean,balanced_downsample_f1_std,balanced_downsample_mcc_mean,balanced_downsample_mcc_std,balanced_downsample_tp_mean,balanced_downsample_tp_std,balanced_downsample_tn_mean,balanced_downsample_tn_std,balanced_downsample_fp_mean,balanced_downsample_fp_std,balanced_downsample_fn_mean,balanced_downsample_fn_std,balanced_downsample_total_mean,balanced_downsample_total_std,repeat,fold
3UTRATG,0.7777777777777778,0.8823529411764706,0.2,1.0,0.7647058823529411,1.0,1.0,0.3333333333333333,0.39107694443752145,1,13,4,0,18,0.87,0.22042200113840404,0.87,0.22042200113840404,0.87,0.22042200113840404,1.0,0.0,0.74,0.4408440022768081,1.0,0.0,1.0,0.0,0.9133333333333334,0.14694800075893602,0.74,0.4408440022768081,1.0,0.0,0.74,0.4408440022768081,0.26,0.4408440022768081,0.0,0.0,2.0,0.0,0,0
3UTRnonATG,1.0,1.0,0.0,0.0,1.0,,,0.0,0.0,0,164,0,0,164,,,,,,,,,,,,,,,,,,,,,,,,,,,,,0,0
5UTRATG,0.8719806763285024,0.8856707317073171,0.7777777777777778,0.9583333333333334,0.8130081300813008,0.962979094076655,0.9394651477357286,0.8586666666666667,0.7575277146628927,161,200,46,7,414,0.8863392857142856,0.007887826436566747,0.8863392857142856,0.007887826436566745,0.8378714715207976,0.01163343107813415,0.9583333333333333,1.1158161231197418e-16,0.8143452380952381,0.015775652873133473,0.9636107568027211,0.004440109371698584,0.9577710408534785,0.006852351931885162,0.894020710338197,0.006601317701531994,0.7808836460953783,0.014166526762756449,161.0,0.0,136.81,2.6503096826864248,31.19,2.6503096826864243,7.0,0.0,336.0,0.0,0,0
5UTRnonATG,0.994263862332696,0.8616454858683711,0.7758620689655172,0.7258064516129032,0.997484520123839,0.9836556226905023,0.7546559160773586,0.75,0.7475270050480575,45,5155,13,17,5230,0.8620161290322581,0.0027830282838859663,0.8620161290322581,0.0027830282838859663,0.9976179463459761,0.007451299305998477,0.7258064516129029,3.3474483693592255e-16,0.998225806451613,0.0055660565677719325,0.9840556711758585,0.005996223579705334,0.9853245587419238,0.006617488041198394,0.8402662265283375,0.0026797807197840146,0.7525168222541145,0.006939795600419392,45.0,0.0,61.89,0.3450955072018601,0.11,0.3450955072018601,17.0,0.0,124.0,0.0,0,0
Annotated,0.9944649446494465,0.66573902288188,0.9962962962962963,0.9981447124304267,0.3333333333333333,0.9795918367346939,0.9998843375716134,0.9972196478220574,0.4055999585997123,538,1,2,1,542,0.6600000000000001,0.03282439759448871,0.6600000000000001,0.03282439759448871,0.596,0.019694638556693237,0.9866666666666666,0.06564879518897745,0.3333333333333334,1.1158161231197418e-16,0.9655555555555557,0.09030162423549493,0.9773333333333332,0.056796905855666165,0.7428571428571428,0.0351689974226665,0.42932505167995977,0.08807710121010882,2.96,0.1969463855669324,1.0,0.0,2.0,0.0,0.04,0.1969463855669324,6.0,0.0,0,0
CDSATG,0.9173553719008265,0.8704301075268817,0.925531914893617,0.9666666666666667,0.7741935483870968,0.97168458781362,0.9913209257355329,0.9456521739130435,0.7767702181691611,87,24,7,3,121,0.8685483870967744,0.013826339354658478,0.8685483870967741,0.013826339354658523,0.8099381223328591,0.0044559022157521205,0.9629032258064518,0.027652678709317,0.7741935483870971,3.3474483693592255e-16,0.969958376690947,0.017507906863493104,0.9783756882204269,0.011462319187756406,0.8797043728115987,0.01421011396198515,0.7510566331580034,0.032126317709612495,29.85,0.8572330399888262,24.0,0.0,7.0,0.0,1.15,0.8572330399888264,62.0,0.0,0,0
CDSnonATG,0.9621212121212122,0.6802317464749407,0.7,0.3684210526315789,0.9920424403183024,0.9364791288566243,0.5759493122728481,0.4827586206896552,0.4910380088273281,7,374,3,12,396,0.6802631578947371,0.010157686764638747,0.6802631578947371,0.010157686764638778,0.9815277777777777,0.046967151283245814,0.368421052631579,5.579080615598709e-17,0.9921052631578948,0.02031537352927752,0.9395567867036013,0.029165720976102653,0.93934922305337,0.0305889215294932,0.5354843304843304,0.007629902487358475,0.46210793425152985,0.033449191003650736,7.0,0.0,18.85,0.3859920970562725,0.15,0.38599209705627263,12.0,0.0,38.0,0.0,0,0
all,0.9832970225127088,0.9710031152010674,0.9179431072210066,0.9544937428896473,0.9875124875124875,0.996372607294109,0.982570772796767,0.935861684327942,0.926497481737265,839,5931,75,40,6885,0.970716723549488,0.0017518103090559066,0.9707167235494879,0.0017518103090559173,0.9865145083804269,0.0035617100817814927,0.9544937428896476,3.3474483693592255e-16,0.9869397042093291,0.003503620618111821,0.996335697950277,0.0005044319332585586,0.9965266881211032,0.0005356313711862596,0.9702368687734125,0.0017251630574925585,0.9419355045533202,0.003607600344108342,839.0,0.0,867.52,3.079682523320293,11.48,3.079682523320293,40.0,0.0,1758.0,0.0,0,0
non-annotated,0.9823427400283777,0.9365667656367894,0.8048128342245989,0.8852941176470588,0.9878394136265201,0.9910931789007457,0.9130423424581975,0.8431372549019608,0.8348677913211793,301,5930,73,39,6343,0.935794117647059,0.002882813694726736,0.935794117647059,0.002882813694726736,0.9847943713598791,0.006311073195767518,0.8852941176470587,1.1158161231197418e-16,0.9862941176470588,0.005765627389453513,0.9906990484429065,0.001743313007620102,0.9906622138403782,0.0021821169704067055,0.932387776421063,0.0028297711186318075,0.8760864492337948,0.006308569176334852,301.0,0.0,335.34,1.9603133124141872,4.66,1.9603133124141874,39.0,0.0,680.0,0.0,0,0
5UTRATG,0.8856382978723404,0.882686567164179,0.8691588785046729,0.9253731343283582,0.84,0.963866382373845,0.9714688476121203,0.8963855421686747,0.7709493966936227,186,147,28,15,376,0.8830285714285715,0.0034891237790329642,0.8830285714285715,0.003489123779032966,0.852672109631164,0.000942038488784385,0.9260571428571428,0.006978247558065928,0.8400000000000002,2.2316322462394835e-16,0.963945469387755,0.002486670688128062,0.968044299954211,0.002130106084155093,0.8878417623604562,0.003710810873081668,0.7689330953618149,0.007488915874641943,162.06,1.22119332266154,147.0,0.0,28.0,0.0,12.94,1.22119332266154,350.0,0.0,0,1
5UTRnonATG,0.9924454996762357,0.8623298229491674,0.6935483870967742,0.7288135593220338,0.9958460865763008,0.979208199624999,0.7863875082031482,0.7107438016528925,0.7071421229463178,43,4555,19,16,4633,0.8611016949152541,0.004951017840628883,0.8611016949152541,0.004951017840628867,0.9911868686868688,0.013138252308555122,0.728813559322034,1.1158161231197418e-16,0.9933898305084745,0.00990203568125775,0.9774691180695201,0.0055980992480999595,0.981158040458044,0.0057842798609215335,0.839952664411545,0.004760472599006844,0.7489656253448037,0.012289073768582017,43.0,0.0,58.61,0.5842201051942079,0.39,0.5842201051942078,16.0,0.0,118.0,0.0,0,1
Annotated,0.9981412639405205,0.9990671641791045,1.0,0.9981343283582089,1.0,0.9990671641791045,0.9999965257511326,0.9990662931839402,0.8157345680870337,535,2,0,1,538,1.0,0.0,1.0,0.0,1.0,0.0,1.0,0.0,1.0,0.0,1.0,0.0,1.0,0.0,1.0,0.0,1.0,0.0,2.0,0.0,2.0,0.0,0.0,0.0,0.0,0.0,4.0,0.0,0,1
CDSATG,0.8979591836734694,0.8861320336730173,0.9047619047619048,0.9344262295081968,0.8378378378378378,0.9548072662826761,0.973090329507746,0.9193548387096774,0.7813170662396551,57,31,6,4,98,0.885135135135135,0.013916990555255034,0.885135135135135,0.013916990555255066,0.8517570356472794,0.003767441945098789,0.9324324324324325,0.027833981110510123,0.837837837837838,2.2316322462394835e-16,0.9537764791818845,0.010856877427090884,0.9578387856793436,0.008683523873611616,0.890128668799555,0.014740995532780687,0.7741221331086137,0.030063831407798294,34.5,1.0298573010888745,31.0,0.0,6.0,0.0,2.5,1.0298573010888745,74.0,0.0,0,1
CDSnonATG,0.9619289340101523,0.643080043688563,0.625,0.29411764705882354,0.9920424403183024,0.892182867842097,0.547905041754088,0.4,0.41225463744051144,5,374,3,12,394,0.6426470588235296,0.010555008273018727,0.6426470588235296,0.010555008273018727,0.9749999999999999,0.0598117135471061,0.29411764705882343,1.1158161231197418e-16,0.9911764705882353,0.021110016546037457,0.8933564013840829,0.03084483918945041,0.9141562027658936,0.02954900046466961,0.451581027667984,0.007092298049063965,0.39923429436702235,0.038263000364317894,5.0,0.0,16.85,0.35887028128263665,0.15,0.3588702812826367,12.0,0.0,34.0,0.0,0,1
all,0.9827786057294254,0.9671189421847898,0.9365079365079365,0.9450800915331807,0.9891577928363988,0.9958063537141604,0.9849966987611535,0.9407744874715261,0.9307123899049745,826,5109,56,48,6039,0.9672997711670479,0.0015249461382186226,0.9672997711670479,0.0015249461382186103,0.9890420140277371,0.0031559950745433155,0.9450800915331808,1.1158161231197418e-16,0.9895194508009153,0.003049892276437242,0.9958487503207327,0.00039170385538486415,0.9963563416900274,0.00040057483036287596,0.9665589983194797,0.0015072573700610885,0.9355285124139349,0.0031796032300344824,826.0,0.0,864.84,2.6656058496061537,9.16,2.6656058496061537,48.0,0.0,1748.0,0.0,0,1
non-annotated,0.9812761316124341,0.9250501692172456,0.8386167146974063,0.8609467455621301,0.989153592872361,0.9895386724153541,0.9279019446973505,0.8496350364963504,0.8397357779834067,291,5107,56,47,5501,0.9246005917159763,0.0029619773093711287,0.9246005917159763,0.0029619773093711305,0.9865857312845718,0.006655865177513505,0.8609467455621302,1.1158161231197418e-16,0.9882544378698225,0.005923954618742259,0.9895330170512239,0.0018920147722425503,0.9904487280795975,0.0021763779764479955,0.9194839390116281,0.0029001707945541986,0.8561878494782718,0.006610297571089303,291.0,0.0,334.03,2.002296661134888,3.97,2.0022966611348876,47.0,0.0,676.0,0.0,0,1
3UTRATG,0.7142857142857143,0.7142857142857143,0.0,0.0,0.7142857142857143,,,0.0,0.0,0,10,4,0,14,,,,,,,,,,,,,,,,,,,,,,,,,,,,,0,2
3UTRnonATG,0.9886363636363636,0.5,0.0,0.0,1.0,0.9080459770114943,0.1111111111111111,0.0,0.0,0,87,0,1,88,0.5,0.0,0.5,0.0,0.0,0.0,0.0,0.0,1.0,0.0,0.9,0.30151134457776363,0.95,0.15075567228888181,0.0,0.0,0.0,0.0,0.0,0.0,1.0,0.0,0.0,0.0,1.0,0.0,2.0,0.0,0,2
5UTRATG,0.9010416666666666,0.9133350309820898,0.8142076502732241,0.9738562091503268,0.8528138528138528,0.9712390006507653,0.9595720785778367,0.8869047619047619,0.8103270593972228,149,197,34,4,384,0.9150980392156863,0.007632059905228676,0.9150980392156863,0.0076320599052287,0.8716079206095477,0.011905423124468613,0.9738562091503268,0.0,0.8563398692810459,0.015264119810457352,0.9718490751420391,0.0033978809671685903,0.9723436096944286,0.004204803003479747,0.919857178632403,0.006630164495095786,0.8360628674349111,0.013851452844705346,149.0,0.0,131.02,2.3354103309999745,21.98,2.3354103309999754,4.0,0.0,306.0,0.0,0,2
5UTRnonATG,0.992264552310965,0.8776847773126374,0.7407407407407407,0.759493670886076,0.9958758837391988,0.9942501019221017,0.8197140737997882,0.75,0.7461322622895329,60,5071,21,19,5171,0.8785443037974686,0.0028010071684325404,0.8785443037974686,0.0028010071684325404,0.9968958223162347,0.007211626386630799,0.759493670886076,0.0,0.9975949367088607,0.005602014336865041,0.9947332158307965,0.0035583668921323752,0.9943359550687441,0.00505760709510373,0.8621394677571014,0.0027218301862139966,0.7795298138218836,0.00681877566719014,60.0,0.0,78.81,0.44255913261233903,0.19,0.44255913261233903,19.0,0.0,158.0,0.0,0,2
Annotated,1.0,1.0,1.0,1.0,1.0,1.0,1.0,1.0,1.0,536,1,0,0,537,1.0,0.0,1.0,0.0,1.0,0.0,1.0,0.0,1.0,0.0,1.0,0.0,1.0,0.0,1.0,0.0,1.0,0.0,1.0,0.0,1.0,0.0,0.0,0.0,0.0,0.0,2.0,0.0,0,2
CDSATG,0.8805031446540881,0.8789990497307572,0.8539325842696629,0.926829268292683,0.8311688311688312,0.9515362686094394,0.9594241611777089,0.8888888888888888,0.7630910891083278,76,64,13,6,159,0.8796103896103895,0.0043701312833081315,0.8796103896103895,0.0043701312833081575,0.8460714106011292,0.0012137673385101118,0.9280519480519479,0.008740262566616292,0.831168831168831,2.2316322462394835e-16,0.9516157868105921,0.0032661490269903296,0.9573187460860444,0.002679500046185133,0.8851537284377912,0.004621315654343131,0.7628471645967398,0.009486115621946466,71.46,0.6730002176294545,64.0,0.0,13.0,0.0,5.54,0.6730002176294543,154.0,0.0,0,2
CDSnonATG,0.9719101123595506,0.6784385205437837,0.4666666666666667,0.3684210526315789,0.9884559884559885,0.8923065238854713,0.4833928155166062,0.4117647058823529,0.4004976837017317,7,685,8,12,712,0.6794736842105266,0.010161129464878125,0.6794736842105266,0.010161129464878167,0.9775,0.04826536495817114,0.368421052631579,5.579080615598709e-17,0.9905263157894737,0.020322258929756292,0.890443213296399,0.023310814108838767,0.9150192503794891,0.022932439169837216,0.5348717948717949,0.007700457087343545,0.45937029014715647,0.033937358407136485,7.0,0.0,18.82,0.3861229196653691,0.18,0.38612291966536916,12.0,0.0,38.0,0.0,0,2
all,0.9827317763623497,0.9694052489493752,0.9118942731277533,0.9517241379310345,0.9870863599677159,0.9958214355292087,0.9819212679683162,0.9313835770528683,0.9217872948999373,828,6115,80,42,7065,0.9696436781609195,0.001875901281965392,0.9696436781609195,0.0018759012819653752,0.9871157168305642,0.0038390835755659283,0.9517241379310345,0.0,0.9875632183908049,0.0037518025639307903,0.9958487845157882,0.00044670637538886404,0.9963328064093077,0.00048210622202226266,0.9690932807747531,0.0018505964834668349,0.9398982459639523,0.0038797991302615942,828.0,0.0,859.18,3.2640682306197912,10.82,3.2640682306197912,42.0,0.0,1740.0,0.0,0,2
non-annotated,0.9813112745098039,0.9306678860554641,0.7849462365591398,0.874251497005988,0.9870842751049402,0.9894431350408642,0.9065202865843376,0.8271954674220963,0.8186731416649285,292,6114,80,42,6528,0.9309880239520959,0.002627579469710517,0.9309880239520959,0.0026275794697105115,0.9861876014404334,0.005840703863446544,0.8742514970059877,3.3474483693592255e-16,0.9877245508982035,0.005255158939421,0.9896663110903939,0.0018463625822230352,0.9904346917185238,0.0023282254232227123,0.9268441268362819,0.002580674044031095,0.8675953134260479,0.005811092885981833,292.0,0.0,329.9,1.7552230857666158,4.1,1.755223085766616,42.0,0.0,668.0,0.0,0,2
5UTRATG,0.8753462603878116,0.8766654386934365,0.812206572769953,0.9719101123595506,0.7814207650273224,0.9529993246147235,0.9480463505496537,0.8849104859335039,0.7657740675975437,173,143,40,5,361,0.8764887640449437,0.0025706080445330195,0.8764887640449439,0.0025706080445329787,0.8161683326976374,0.0035337555094620775,0.9719101123595506,0.0,0.781067415730337,0.005141216089066024,0.9528459159197069,0.0012935071031520032,0.9491137200211663,0.0014968880474921207,0.8872525816451096,0.002085323982432127,0.7670822451629238,0.004460714577955002,173.0,0.0,139.03,0.9151364638537509,38.97,0.9151364638537509,5.0,0.0,356.0,0.0,0,3
5UTRnonATG,0.99002849002849,0.8286017422381059,0.6712328767123288,0.6621621621621622,0.9950413223140496,0.9735397587670316,0.7208936476499349,0.6666666666666666,0.6616212213956801,49,4816,24,25,4914,0.8283783783783782,0.003959680508970842,0.8283783783783784,0.0039596805089708925,0.9920392156862745,0.011613272431796835,0.6621621621621623,1.1158161231197418e-16,0.9945945945945946,0.007919361017941717,0.9734313367421477,0.006237572071337324,0.9758677970364286,0.006101028036852652,0.7941829530553371,0.003751351748023273,0.6964180634728515,0.01039326216778385,49.0,0.0,73.6,0.5860327153276884,0.4,0.5860327153276884,25.0,0.0,148.0,0.0,0,3
Annotated,0.9944444444444445,0.6657355679702048,0.9962825278810409,0.9981378026070763,0.3333333333333333,0.9351334574798262,0.9995994982982308,0.9972093023255814,0.4055901049879134,536,1,2,1,540,0.6650000000000001,0.016666666666666666,0.6650000000000001,0.016666666666666666,0.5989999999999999,0.01,0.9966666666666666,0.03333333333333334,0.3333333333333334,1.1158161231197418e-16,0.9361111111111111,0.08518335527239619,0.9495,0.06792258362470575,0.7482142857142857,0.017857142857142867,0.4427414595449585,0.04472135954999579,2.99,0.1,1.0,0.0,2.0,0.0,0.01,0.09999999999999999,6.0,0.0,0,3
CDSATG,0.8581560283687943,0.854301948051948,0.8518518518518519,0.8961038961038961,0.8125,0.9612418831168831,0.9723625110731234,0.8734177215189873,0.7135439871830059,69,52,12,8,141,0.85375,0.007699626532330885,0.85375,0.007699626532330885,0.8267554792840471,0.0024402672879466213,0.895,0.01539925306466177,0.8125,0.0,0.9611962890625,0.0058067159552659346,0.967778477242546,0.004368046739440289,0.8594824097292133,0.008388845026975041,0.7100270061029892,0.01644971035108883,57.28,0.9855521961383533,52.0,0.0,12.0,0.0,6.72,0.9855521961383534,128.0,0.0,0,3
CDSnonATG,0.9749670619235836,0.6717126665967048,0.8181818181818182,0.34615384615384615,0.9972714870395635,0.8787385874698288,0.5237148113487867,0.4864864864864865,0.5226655166671506,9,731,2,17,759,0.6717307692307694,0.005638243645425068,0.6717307692307694,0.005638243645425068,0.9931818181818183,0.028142690334858642,0.3461538461538462,5.579080615598709e-17,0.9973076923076922,0.011276487290850104,0.8794378698224855,0.027564940551032903,0.9022782266118985,0.025745908919503332,0.5132934362934362,0.004137465759390474,0.45286014106235184,0.019264265438460604,9.0,0.0,25.93,0.2931886695621028,0.07,0.2931886695621029,17.0,0.0,52.0,0.0,0,3
all,0.979746835443038,0.961740554119315,0.9126637554585153,0.9372197309417041,0.986261377296926,0.9934449865963718,0.9753189518923322,0.9247787610619469,0.9131866345107015,836,5743,80,56,6715,0.9616928251121076,0.001675412458688114,0.9616928251121076,0.0016754124586881303,0.9854660729219995,0.003476930600021593,0.9372197309417042,1.1158161231197418e-16,0.9861659192825114,0.0033508249173762575,0.9934132246777534,0.0005618039532999239,0.9941960884279375,0.0005751220011559285,0.960734618369935,0.0016511213539597168,0.9244994748307298,0.003509153342208819,836.0,0.0,879.66,2.988935826299617,12.34,2.988935826299617,56.0,0.0,1784.0,0.0,0,3
non-annotated,0.9784615384615385,0.9158341803397706,0.7936507936507936,0.8450704225352113,0.98659793814433,0.9842621363922366,0.892147694610663,0.8185538881309686,0.8075665067660195,300,5742,78,55,6175,0.9157042253521125,0.002725615773157929,0.9157042253521125,0.002725615773157929,0.984129638081007,0.006222188302999552,0.8450704225352115,2.2316322462394835e-16,0.9863380281690141,0.005451231546315857,0.9842872445943266,0.0020138723077934993,0.9856581685828897,0.0022456087077312482,0.909305295764863,0.0026617414808780913,0.8398483215672731,0.00615515737587735,300.0,0.0,350.15,1.935187198942132,4.85,1.9351871989421323,55.0,0.0,710.0,0.0,0,3
3UTRATG,0.8571428571428571,0.9242424242424243,0.2857142857142857,1.0,0.8484848484848485,1.0,1.0,0.4444444444444444,0.4923659639173309,2,28,5,0,35,0.93,0.11827890340165903,0.93,0.11827890340165903,0.9083333333333333,0.15237550344995549,1.0,0.0,0.86,0.23655780680331803,1.0,0.0,1.0,0.0,0.9446666666666665,0.09238333255885572,0.8801110699893028,0.2061459009383603,2.0,0.0,1.72,0.47311561360663607,0.28,0.47311561360663607,0.0,0.0,4.0,0.0,0,4
3UTRnonATG,0.994413407821229,0.49859943977591037,0.0,0.0,0.9971988795518207,0.876750700280112,0.022222222222222223,0.0,-0.0028011204481792717,0,356,1,1,358,0.495,0.049999999999999996,0.495,0.049999999999999996,0.0,0.0,0.0,0.0,0.99,0.09999999999999999,0.92,0.2726599243442907,0.96,0.13632996217214535,0.0,0.0,-0.01,0.09999999999999999,0.0,0.0,0.99,0.09999999999999999,0.01,0.09999999999999999,1.0,0.0,2.0,0.0,0,4
5UTRATG,0.8571428571428571,0.8664108488749518,0.7788944723618091,0.9337349397590361,0.7990867579908676,0.9572536722231392,0.9506902070483766,0.8493150684931506,0.7262588051069199,155,175,44,11,385,0.8664457831325302,0.007648994760940119,0.8664457831325302,0.007648994760940117,0.8231282592980578,0.011129934147651536,0.933734939759036,1.1158161231197418e-16,0.7991566265060241,0.01529798952188025,0.9572967774713312,0.003053229606824323,0.960882454915849,0.002934787784851303,0.8749104943720105,0.0062788137512080604,0.7396802095920957,0.013902265916679648,155.0,0.0,132.66,2.5394662606321208,33.34,2.5394662606321208,11.0,0.0,332.0,0.0,0,4
5UTRnonATG,0.9890666126746305,0.8565874716085071,0.71875,0.71875,0.9944249432170142,0.9845804081492188,0.7726926860520689,0.71875,0.7131749432170142,69,4816,27,27,4939,0.85671875,0.0034321392236728115,0.8567187500000002,0.003432139223672807,0.9927505030181086,0.00933150058788289,0.71875,0.0,0.9946875,0.006864278447345619,0.9842871093750002,0.004880843999127306,0.9847402647805596,0.006118777128033982,0.8337995159735292,0.0033077346407373288,0.7422926725888273,0.008629301402043,69.0,0.0,95.49,0.6589707309451797,0.51,0.6589707309451796,27.0,0.0,192.0,0.0,0,4
Annotated,0.9944444444444445,0.9944444444444445,1.0,0.9944444444444445,0.0,,,0.9972144846796658,0.0,537,0,0,3,540,,,,,,,,,,,,,,,,,,,,,,,,,,,,,0,4
CDSATG,0.9010416666666666,0.9144249512670566,0.7714285714285715,0.9473684210526315,0.8814814814814815,0.9759584145549058,0.9612338881835354,0.8503937007874016,0.7867762968342745,54,119,16,3,192,0.9145614035087718,0.01609370788608607,0.9145614035087718,0.016093707886086096,0.8898369100496523,0.02682703420366434,0.9473684210526316,1.1158161231197418e-16,0.8817543859649121,0.032187415772172136,0.9760726377346874,0.004011291529991286,0.9801801622259052,0.0033405949756812295,0.9174955380892896,0.014275630956054292,0.8312779028510164,0.030485105604622444,54.0,0.0,50.26,1.8346826990138123,6.74,1.8346826990138123,3.0,0.0,114.0,0.0,0,4
CDSnonATG,0.9794275491949911,0.6131057327563177,0.2857142857142857,0.23529411764705882,0.9909173478655767,0.8046161243789068,0.2384755167675342,0.25806451612903225,0.24893397783797463,4,1091,10,13,1118,0.6138235294117647,0.00994110791145974,0.6138235294117647,0.00994110791145974,0.9740000000000001,0.06759953379792621,0.2352941176470588,2.7895403077993544e-17,0.9923529411764708,0.019882215822919484,0.8126989619377163,0.04571120003721059,0.8422444366842684,0.04377568859093088,0.3787012987012986,0.005852773488997931,0.35006682049595483,0.03921176262778843,4.0,0.0,16.87,0.3379976689896311,0.13,0.3379976689896311,13.0,0.0,34.0,0.0,0,4
all,0.9787234042553191,0.9593076047433197,0.8885281385281385,0.9340159271899886,0.9845992822966507,0.9933358304619756,0.9724546740630935,0.9107043815862451,0.8989966836858282,821,6585,103,58,7567,0.9591808873720137,0.001972335549970569,0.9591808873720137,0.0019723355499705574,0.9835329815520805,0.004076061836111438,0.9340159271899887,1.1158161231197418e-16,0.9843458475540389,0.0039446710999411225,0.9933222673919712,0.0005758362118279834,0.9941020439643851,0.0005449553955109192,0.9581310375786122,0.001936375649473686,0.9195350544618512,0.004128348068603604,821.0,0.0,865.24,3.46736589684825,13.76,3.4673658968482495,58.0,0.0,1758.0,0.0,0,4
non-annotated,0.9775152981357621,0.911178697195523,0.7338501291989664,0.8377581120943953,0.9845992822966507,0.9831861053478428,0.875075767281433,0.7823691460055097,0.7724476583152602,284,6585,103,55,7027,0.9106194690265486,0.003281336344503017,0.9106194690265486,0.0032813363445030213,0.9807202082783055,0.007524788632576613,0.8377581120943951,2.2316322462394835e-16,0.9834808259587021,0.0065626726890060365,0.9828173266852882,0.002072161731278146,0.9841478839095942,0.0022351691533290647,0.903606489512837,0.0031960973643302493,0.8301255013431379,0.0074405371987425984,284.0,0.0,333.4,2.2247460415730487,5.6,2.2247460415730487,55.0,0.0,678.0,0.0,0,4
